Name,Address,Phone,Profile URL
GUEDIRA Khadija,"44, av Fal Ould Oumeir, Rabat",537777412,https://www.medicalis.ma/GUEDIRA-Khadija/Ophtalmologue-/Rabat/Maroc/29304
ELMALSI Noureddine,"45, av Sidi Med Ben Abdellah. Amal 14, Rabat",537699196,https://www.medicalis.ma/ELMALSI-Noureddine/Ophtalmologue-/Rabat/Maroc/39206
RHOUNIMI Ali,"Hôpital Militaire d'instruction Mohamed V, Rabat",537714419,https://www.medicalis.ma/ELMALSI-Noureddine/Ophtalmologue-/Rabat/Maroc/39206
BERRAHOU Amina,"Hôpital des Spécialités, Rabat",537773194,https://www.medicalis.ma/BERRAHOU-Amina/Ophtalmologue-/Rabat/Maroc/25384
ZAKI Latifa,"1, rue Al Hind, Rabat",537701476,https://www.medicalis.ma/ZAKI-Latifa/Ophtalmologue-/Rabat/Maroc/11355
MOUSSAOUI Radia,"Hôpital des Spécialités, Rabat",537773194,https://www.medicalis.ma/MOUSSAOUI-Radia/Ophtalmologue-/Rabat/Maroc/25409
ELABBADI Mohamed Salim,"10, rue Hussein 1er, Rabat",537200812,https://www.medicalis.ma/ELABBADI-Mohamed-Salim/Ophtalmologue-/Rabat/Maroc/11117
BENABDALLAH BRADLY Nadia,"32, rue Youssef Ibn Tachfine, Rabat",537760650,https://www.medicalis.ma/BENABDALLAH-BRADLY-Nadia/Ophtalmologue-/Rabat/Maroc/9209
ABDERRAHMANI GHORFI Houria,"44, av de France. Agdal, Rabat",537774877,https://www.medicalis.ma/ABDERRAHMANI-GHORFI-Houria/Ophtalmologue-/Rabat/Maroc/37392
ABDELLAOUI MAANE Najib,"rés. Minaret, angle rues Amman et Yougoslavie, Rabat",537706711,https://www.medicalis.ma/ABDELLAOUI-MAANE-Najib/Ophtalmologue-/Rabat/Maroc/9196
FERICHA Nabil,"115, av Houmane El Fatouaki. Aviation, Rabat",537750301,https://www.medicalis.ma/FERICHA-Nabil/Ophtalmologue-/Rabat/Maroc/15946
CHERQI Jalal,"52, av Patrice Lumumba. Hassan, Rabat",537763060,https://www.medicalis.ma/CHERQI-Jalal/Ophtalmologue-/Rabat/Maroc/41283
DAOUDI Rajae,"av des Nations Unies, rue Ibnou Hanbal. Clinique des NU, Rabat",537671715,https://www.medicalis.ma/DAOUDI-Rajae/Ophtalmologue-/Rabat/Maroc/41241
HALHAL Mounia,"Hôpital des Spécialités, Rabat",537773194,https://www.medicalis.ma/HALHAL-Mounia/Ophtalmologue-/Rabat/Maroc/25398
ELHABBOU Yahya,"10, rue Hussein 1er, Rabat",537200812,https://www.medicalis.ma/ELHABBOU-Yahya/Ophtalmologue-/Rabat/Maroc/11123
MIKOU Samira,"8, bd Moulay Slimane. rés Royale, Rabat",537200606,https://www.medicalis.ma/MIKOU-Samira/Ophtalmologue-/Rabat/Maroc/28193
BOUAYAD Ghita,"rue Annaranj, rés El Rahma. hay Riad, Rabat",537711675,https://www.medicalis.ma/BOUAYAD-Ghita/Ophtalmologue-/Rabat/Maroc/171144
BERBICH Omar,"21, av Allal Ben Abdellah, Rabat",537205555,https://www.medicalis.ma/BERBICH-Omar/Ophtalmologue-/Rabat/Maroc/17826
KARIM Abdelouahed,"281, av Mohamed V, Rabat",537262631,https://www.medicalis.ma/KARIM-Abdelouahed/Ophtalmologue-/Rabat/Maroc/39171
ELORANI Hamza,"Hôpital des Spécialités, Rabat",537773194,https://www.medicalis.ma/ELORANI-Hamza/Ophtalmologue-/Rabat/Maroc/29105
CHARIF CHEFCHAOUNI Mohamed,"av Ibn Khaldoun. Clinique de la Vision, Rabat",537676664,https://www.medicalis.ma/CHARIF-CHEFCHAOUNI-Mohamed/Ophtalmologue-/Rabat/Maroc/170751
BENCHEKROUN Nabiha,"Hôpital Cheikh Zaid. Madinat Al Irfane. hay Riad, Rabat",537686868,https://www.medicalis.ma/BENCHEKROUN-Nabiha/Ophtalmologue-/Rabat/Maroc/25377
GUESSOUS Najib,"7, av Hassan II. rés Es Saada, Rabat",537730530,https://www.medicalis.ma/GUESSOUS-Najib/Ophtalmologue-/Rabat/Maroc/7337
MRABET Zhor,"14, rue Quairaouane, Rabat",537730555,https://www.medicalis.ma/MRABET-Zhor/Ophtalmologue-/Rabat/Maroc/9248
RAFAY Yasser,"14, av Al Abtal. rés Badr, Rabat",537686854,https://www.medicalis.ma/RAFAY-Yasser/Ophtalmologue-/Rabat/Maroc/39207
MOUHDI Halima Saadya,"imm 74, rue Oued Ziz. Agdal, Rabat",537686855,https://www.medicalis.ma/MOUHDI-Halima-Saadya/Ophtalmologue-/Rabat/Maroc/36466
ELBAKKALI Mouhcine,"av Ibn Khaldoun. clinique de la Vision de Rabat, Rabat",537676666,https://www.medicalis.ma/ELBAKKALI-Mouhcine/Ophtalmologue-/Rabat/Maroc/16234
LARDON Jeanine,"2, av Pasteur, Rabat",537722106,https://www.medicalis.ma/LARDON-Jeanine/Ophtalmologue-/Rabat/Maroc/7335
BOULANOUAR Abdelkrim,"Hôpital des Spécialités, Rabat",537773194,https://www.medicalis.ma/BOULANOUAR-Abdelkrim/Ophtalmologue-/Rabat/Maroc/25385
BENABDELLAH Wafae,"Hôpital Moulay Youssef, Rabat",537692103,https://www.medicalis.ma/BENABDELLAH-Wafae/Ophtalmologue-/Rabat/Maroc/25376
KHALIL Mohamed,"13 bis, av Ibn Sina, Rabat",537773232,https://www.medicalis.ma/KHALIL-Mohamed/Ophtalmologue-/Rabat/Maroc/9240
OUAZZANI CHAHDI Bahia,"Hôpital Cheikh Zaid. Madinat Al Irfane. hay Riad, Rabat",537686868,https://www.medicalis.ma/OUAZZANI-CHAHDI-Bahia/Ophtalmologue-/Rabat/Maroc/25370
ELASRI Fouad,"Hôpital Militaire d’Instruction Mohamed V, Rabat",537714419,https://www.medicalis.ma/ELASRI-Fouad/Ophtalmologue-/Rabat/Maroc/25182
LAZREK Omar,"angle av Mohamed V et rue Beith Lahm, Rabat",537804655,https://www.medicalis.ma/LAZREK-Omar/Ophtalmologue-/Rabat/Maroc/170791
BELMEKKI Mohamed,"Hôpital des Spécialités, Rabat",537773194,https://www.medicalis.ma/BELMEKKI-Mohamed/Ophtalmologue-/Rabat/Maroc/25375
MIKOU Rafia,"8, bd Moulay Slimane. rés Royale, Rabat",537200505,https://www.medicalis.ma/MIKOU-Rafia/Ophtalmologue-/Rabat/Maroc/28194
CHAOUNI Assia,"21, av Allal Ben Abdellah, Rabat",537709596,https://www.medicalis.ma/CHAOUNI-Assia/Ophtalmologue-/Rabat/Maroc/8791
BELKHDAR Nouaama,"13 bis, av Ibn Sina, Rabat",537771718,https://www.medicalis.ma/BELKHDAR-Nouaama/Ophtalmologue-/Rabat/Maroc/9921
BADDOU Tahar,"av Hassan II, rés Réda, Rabat",537707272,https://www.medicalis.ma/BADDOU-Tahar/Ophtalmologue-/Rabat/Maroc/170767
CHERKAOUI TRIQUI Wafaa,"Hôpital des Spécialités, Rabat",537773194,https://www.medicalis.ma/CHERKAOUI-TRIQUI-Wafaa/Ophtalmologue-/Rabat/Maroc/25389
ELMOUSSAIF Hamid,"5, rue Jabal Moussa. Centre Retina d'Ophtalmologie, Rabat",767124495,https://www.medicalis.ma/ELMOUSSAIF-Hamid/Ophtalmologue-/Rabat/Maroc/170752
SERRAJ ANDALOUSSI Lamiae,"Hôpital Moulay Youssef, Rabat",537692103,https://www.medicalis.ma/SERRAJ-ANDALOUSSI-Lamiae/Ophtalmologue-/Rabat/Maroc/29892
BERNOUSSI Mitalyah,"rue de Beyrouth, rés. Essaada n°306, Rabat",537704425,https://www.medicalis.ma/BERNOUSSI-Mitalyah/Ophtalmologue-/Rabat/Maroc/8658
MESDALI Jamila,"Hôpital des Spécialités, Rabat",537773194,https://www.medicalis.ma/MESDALI-Jamila/Ophtalmologue-/Rabat/Maroc/25407
ELALLOUSSI Tarik,"103, bd Sidi Mohamed Ben Abdellah. Akkari, Rabat",537231355,https://www.medicalis.ma/ELALLOUSSI-Tarik/Ophtalmologue-/Rabat/Maroc/41187
REGRAGUI Aniss,"Hôpital Cheikh Zaid. Madinat Al Irfane. hay Riad, Rabat",537686868,https://www.medicalis.ma/REGRAGUI-Aniss/Ophtalmologue-/Rabat/Maroc/171156
NACIRI Maryem,"21, av Allal Ben Abdellah, Rabat",537205555,https://www.medicalis.ma/NACIRI-Maryem/Ophtalmologue-/Rabat/Maroc/17828
BENSOUDA Hicham,"19, rue Oukaimeden. Agdal, Rabat",537672233,https://www.medicalis.ma/BENSOUDA-Hicham/Ophtalmologue-/Rabat/Maroc/41249
ESSAFI Hafssa,"4, bd Tripoli, Rabat",537202078,https://www.medicalis.ma/ESSAFI-Hafssa/Ophtalmologue-/Rabat/Maroc/170780
HAJJI Hicham,"Hôpital des Spécialités, Rabat",537773194,https://www.medicalis.ma/HAJJI-Hicham/Ophtalmologue-/Rabat/Maroc/25397
DAOUDI Chama,"59, av Fal Ould Oumeir. Agdal, Rabat",537774301,https://www.medicalis.ma/DAOUDI-Chama/Ophtalmologue-/Rabat/Maroc/170776
LAMDAOUAR Nouama,"13 bis, av Ibn Sina, Rabat",537771718,https://www.medicalis.ma/LAMDAOUAR-Nouama/Ophtalmologue-/Rabat/Maroc/9241
REFASS Loubna,"angle av Annakhil et Arrommane. rés Soundouss 2, Rabat",537570203,https://www.medicalis.ma/REFASS-Loubna/Ophtalmologue-/Rabat/Maroc/38432
KAZNAFA Abdelouahed,"Hôpital des Spécialités, Rabat",537773194,https://www.medicalis.ma/KAZNAFA-Abdelouahed/Ophtalmologue-/Rabat/Maroc/25403
OUBAAZ Abdelbarre,"Hôpital Militaire d'instruction Mohamed V, Rabat",537714419,https://www.medicalis.ma/OUBAAZ-Abdelbarre/Ophtalmologue-/Rabat/Maroc/25423
ABDELLAH Elhassan,"Hôpital des Spécialités, Rabat",537773194,https://www.medicalis.ma/ABDELLAH-Elhassan/Ophtalmologue-/Rabat/Maroc/25371
OUDANANE Siham,"av des Nations Unies, rue Ibnou Hanbal, Rabat",537670505,https://www.medicalis.ma/OUDANANE-Siham/Ophtalmologue-/Rabat/Maroc/170798
KHLIFI MOHCINE Zakia,"4, av Bine El Ouidane, Rabat",537777876,https://www.medicalis.ma/KHLIFI-MOHCINE-Zakia/Ophtalmologue-/Rabat/Maroc/33014
BENCHERIFA Fatiha,"24, av Omar Ben Khattab. rés Edlweiss, Rabat",537770707,https://www.medicalis.ma/BENCHERIFA-Fatiha/Ophtalmologue-/Rabat/Maroc/39205
CHERGUI Khadija,"79, av Oqba Bnou Nafiaa, Rabat",537777755,https://www.medicalis.ma/CHERGUI-Khadija/Ophtalmologue-/Rabat/Maroc/38431
ELARABI Zakia,"43, av Al Atlas. Agdal, Rabat",537773923,https://www.medicalis.ma/ELARABI-Zakia/Ophtalmologue-/Rabat/Maroc/170777
ELOUATTASSI Narjiss,"av Al Massira, n°1097. Amal 5, Cym, Rabat",537292828,https://www.medicalis.ma/ELOUATTASSI-Narjiss/Ophtalmologue-/Rabat/Maroc/171148
BENABDERRAZIK Saad,"6, av Prince Mly Abdellah, Rabat",537203654,https://www.medicalis.ma/BENABDERRAZIK-Saad/Ophtalmologue-/Rabat/Maroc/10335
CHANA Elhoussain,"av Al Aarar, rés Ribat Al Fath, Rabat",537710808,https://www.medicalis.ma/CHANA-Elhoussain/Ophtalmologue-/Rabat/Maroc/170750
ELKETTANI Bouthaina,"36, av Tadla. Mabella, Rabat",537650999,https://www.medicalis.ma/ELKETTANI-Bouthaina/Ophtalmologue-/Rabat/Maroc/11380
KHALIL Saloua,"13 bis, av Ibn Sina. Agdal, Rabat",537773232,https://www.medicalis.ma/KHALIL-Saloua/Ophtalmologue-/Rabat/Maroc/170788
BERRICH Amina,"Hôpital Militaire d’Instruction Mohamed V, Rabat",537714419,https://www.medicalis.ma/BERRICH-Amina/Ophtalmologue-/Rabat/Maroc/25416
LEMRINI ELOUAHABI Fatima,"102, av Fal Ould Oumeir. Agdal, Rabat",537670364,https://www.medicalis.ma/LEMRINI-ELOUAHABI-Fatima/Ophtalmologue-/Rabat/Maroc/9242
DERRAR Rajae,"19, rue Moulay rachid. Hassan, Rabat",537703514,https://www.medicalis.ma/DERRAR-Rajae/Ophtalmologue-/Rabat/Maroc/41258
BATAL Najia,"Centre de Diagnostic. av Hassan II, Rabat",537724742,https://www.medicalis.ma/BATAL-Najia/Ophtalmologue-/Rabat/Maroc/25369
CHANA Nawfel,"av Al Aarar, rés Ribat Al Fath, Rabat",537710808,https://www.medicalis.ma/CHANA-Nawfel/Ophtalmologue-/Rabat/Maroc/170773
BENZEKRI TAZI Ilham,"av Hassan II, rés. Mamounia, Rabat",537728384,https://www.medicalis.ma/BENZEKRI-TAZI-Ilham/Ophtalmologue-/Rabat/Maroc/11357
BENDALI Imane,"rue Ibn Al Moukafaa, imm H. complexe Al Manal, Cym, Rabat",537280528,https://www.medicalis.ma/BENDALI-Imane/Ophtalmologue-/Rabat/Maroc/171141
KARMANE Abdelouahed,"Hôpital des Spécialités, Rabat",537773194,https://www.medicalis.ma/KARMANE-Abdelouahed/Ophtalmologue-/Rabat/Maroc/25402
ELMOIZE Zakaria,"3, rue Hab Al Molouk. app n°5, 2ème étage, rés Essafae. Hay Ryad, Rabat",537716192,https://www.medicalis.ma/ELMOIZE-Zakaria/Ophtalmologue-/Rabat/Maroc/171165
ELRHAZI Abdelali,"rue Abderrahman Alghafiri. Rabat-agdal. Belle résidence 5, imm A, Rabat",537683124,https://www.medicalis.ma/ELRHAZI-Abdelali/Ophtalmologue-/Rabat/Maroc/29239
BERRADA FATHI Saloua,"Hôpital Militaire d’Instruction Mohamed V, Rabat",537721212,https://www.medicalis.ma/BERRADA-FATHI-Saloua/Ophtalmologue-/Rabat/Maroc/25415
KARIB Hanane,"av Fal Ould Oumeir, imm Erraha 31. Agdal, Rabat",537683876,https://www.medicalis.ma/KARIB-Hanane/Ophtalmologue-/Rabat/Maroc/19247
BERNOUSSI Abdelghani,"angle rue 16 Novembre et Ibn Sina, rés Belle Vue, Rabat",537673737,https://www.medicalis.ma/BERNOUSSI-Abdelghani/Ophtalmologue-/Rabat/Maroc/41245
ELJAMALI Abdelhafid,"5 bis, angle bd Med V et Hassan II, Rabat",537262660,https://www.medicalis.ma/ELJAMALI-Abdelhafid/Ophtalmologue-/Rabat/Maroc/13624
MARMOUCHI Najat,"Hôpital Militaire d’Instruction Mohamed V, Rabat",537714419,https://www.medicalis.ma/MARMOUCHI-Najat/Ophtalmologue-/Rabat/Maroc/25417
HAJJI Abdelghafour,"av Hassan II, rés. El Manar, Rabat",537727213,https://www.medicalis.ma/HAJJI-Abdelghafour/Ophtalmologue-/Rabat/Maroc/8303
NAOUMI Asmae,"42, angle rue Oued Ziz et Oued Daraa. Agdal, Rabat",537773737,https://www.medicalis.ma/NAOUMI-Asmae/Ophtalmologue-/Rabat/Maroc/35981
NACIRI Leila,"15, av de France- 1er étage, app 1. Agdal, Rabat",537778729,https://www.medicalis.ma/NACIRI-Leila/Ophtalmologue-/Rabat/Maroc/170805
IBRAHIMI Wafaa,"Hôpital des Spécialités, Rabat",537773194,https://www.medicalis.ma/IBRAHIMI-Wafaa/Ophtalmologue-/Rabat/Maroc/25399
HBABI Nouzha,"10, bd Al Haouz. bloc Al Boustane, Rabat",537653696,https://www.medicalis.ma/HBABI-Nouzha/Ophtalmologue-/Rabat/Maroc/11107
BOUTIMZINE Nourdine,"Hôpital des Spécialités, Rabat",537773194,https://www.medicalis.ma/BOUTIMZINE-Nourdine/Ophtalmologue-/Rabat/Maroc/25386
ABDELLAOUI MAANE Ghita,"angle rues Amman et Yougoslavie. Hassan, Rabat",537706711,https://www.medicalis.ma/ABDELLAOUI-MAANE-Ghita/Ophtalmologue-/Rabat/Maroc/41260
BENHARBIT Mohamed,"21, av Allal Ben Abdellah, Rabat",537700040,https://www.medicalis.ma/BENHARBIT-Mohamed/Ophtalmologue-/Rabat/Maroc/41300
BEKKALI CHBAATTOU Souad,"30, bd Al Haouz. rés Alya, Rabat",537666264,https://www.medicalis.ma/BEKKALI-CHBAATTOU-Souad/Ophtalmologue-/Rabat/Maroc/171164
LEZREK Mounir,"angle av Mohamed V et rue Bait Lahm, imm 8, Rabat",537734417,https://www.medicalis.ma/LEZREK-Mounir/Ophtalmologue-/Rabat/Maroc/40412
CHAOUI Zineb,"54, angle av Oqba et rue Ain Asserdoune, Rabat",537686552,https://www.medicalis.ma/CHAOUI-Zineb/Ophtalmologue-/Rabat/Maroc/41315
MOUFREJ Imane,"Hôpital Militaire d’Instruction Mohamed V, Rabat",537714419,https://www.medicalis.ma/MOUFREJ-Imane/Ophtalmologue-/Rabat/Maroc/25418
ELYACOUBI Ouafae,"Hôpital Moulay Youssef, Rabat",537692103,https://www.medicalis.ma/ELYACOUBI-Ouafae/Ophtalmologue-/Rabat/Maroc/25394
BENSOUDA Najat,"Hôpital Moulay Youssef, Rabat",537692103,https://www.medicalis.ma/BENSOUDA-Najat/Ophtalmologue-/Rabat/Maroc/25382
BENCHERIF Zehid,"n° 4, Imm C, Riad Al Otors, av Ennakhil. Hay Riad, Rabat",537565756,https://www.medicalis.ma/BENCHERIF-Zehid/Ophtalmologue-/Rabat/Maroc/41208
AMAZOUZI Abdellah,"Hôpital des Spécialités, Rabat",537773194,https://www.medicalis.ma/AMAZOUZI-Abdellah/Ophtalmologue-/Rabat/Maroc/25374
SADIK Mohamed,"Hôpital des Spécialités, Rabat",537773194,https://www.medicalis.ma/SADIK-Mohamed/Ophtalmologue-/Rabat/Maroc/25410
LAGHMARI Mina,"18, av Fal Ould Oumeir. Agdal, Rabat",537757980,https://www.medicalis.ma/LAGHMARI-Mina/Ophtalmologue-/Rabat/Maroc/25404
TRIQUI Driss,"2, rue Annaba, Rabat",537201477,https://www.medicalis.ma/TRIQUI-Driss/Ophtalmologue-/Rabat/Maroc/11356
ESSAKALLI HOSSAYNI Nadia,"68, av Fal Ould Oumeir. rés Rif, Rabat",537771887,https://www.medicalis.ma/ESSAKALLI-HOSSAYNI-Nadia/Ophtalmologue-/Rabat/Maroc/28528
ALIOUNE Diouf,"Hôpital Militaire d’Instruction Mohamed V, Rabat",537714419,https://www.medicalis.ma/ALIOUNE-Diouf/Ophtalmologue-/Rabat/Maroc/25414
SOUKTANI Hatim,"19, rue Dar El Beida, place El Mellah. Hassan, Rabat",537723248,https://www.medicalis.ma/SOUKTANI-Hatim/Ophtalmologue-/Rabat/Maroc/39173
MELLAL Zakaria,"998, av des Far. Amal 5, Cym, Rabat",537292938,https://www.medicalis.ma/MELLAL-Zakaria/Ophtalmologue-/Rabat/Maroc/35953
BENMANSOUR HAMDOUCH Wafa,"28, av de France, Rabat",537771977,https://www.medicalis.ma/BENMANSOUR-HAMDOUCH-Wafa/Ophtalmologue-/Rabat/Maroc/11358
TNACHERI OUAZZANI Btissame,"32, rue Dakar, Rabat",537202004,https://www.medicalis.ma/TNACHERI-OUAZZANI-Btissame/Ophtalmologue-/Rabat/Maroc/39172
AGNAOU Lahcen,"8, rue Tazekka, Rabat",537686803,https://www.medicalis.ma/AGNAOU-Lahcen/Ophtalmologue-/Rabat/Maroc/39174
TACHFOUTI Samira,"Hôpital des Spécialités, Rabat",537773194,https://www.medicalis.ma/TACHFOUTI-Samira/Ophtalmologue-/Rabat/Maroc/25412
FELLAHI Omar,"8, rue Melilia. rés Reda. Bab El Mellah, Rabat",537730669,https://www.medicalis.ma/FELLAHI-Omar/Ophtalmologue-/Rabat/Maroc/42738
